name,type,lat,lon,pop_2020,LA_sqmi,PD_sqmi
Chicago,City,41.8755616,-87.6244212,2746388,227.73,12059.8
Aurora,City,41.7571701,-88.3147539,180542,45.023,4010.0
Joliet,City,41.5263603,-88.0840212,150362,64.516,2330.6
Naperville,City,41.7728699,-88.1479278,149540,39.077,3826.8
Rockford,City,42.2713945,-89.093966,148655,64.544,2303.2
Elgin,City,42.03726,-88.2810994,114797,38.027,3018.8
Springfield‡[d],City,39.7990175,-89.6439575,114394,61.138,1871.1
Peoria,City,40.6938609,-89.5891008,113150,47.965,2359.0
Waukegan,City,42.3636331,-87.8447938,89321,24.225,3687.1
Champaign,City,40.1164841,-88.2430932,88302,22.928,3851.3
Cicero,Town,41.8455398,-87.7540199,85268,5.865,14538.4
Schaumburg,Village,42.0333608,-88.083406,78723,19.293,4080.4
Bloomington,City,40.4797828,-88.9939147,78680,27.129,2900.2
Evanston,City,42.0470043,-87.6846053,78110,7.779,10041.1
Arlington Heights,Village,42.0811563,-87.9802164,77676,16.605,4677.9
Bolingbrook,Village,41.7003302,-88.0717708,73922,24.845,2975.3
Decatur,City,39.8454163,-88.9524151,70522,42.894,1644.1
Palatine,Village,42.1105779,-88.0336888,67908,13.598,4994.0
Skokie,Village,42.0262972,-87.7521069,67824,10.064,6739.3
Des Plaines,City,42.0415823,-87.8873916,60675,14.238,4261.5
Orland Park,Village,41.630663,-87.8536288,58703,22.028,2664.9
Oak Lawn,Village,41.7108662,-87.7581081,58362,8.571,6809.2
Berwyn,City,41.8505874,-87.7936685,57250,3.904,14664.4
Mount Prospect,Village,42.0664167,-87.9372908,56852,10.719,5303.9
Tinley Park,Village,41.5733669,-87.7844944,55971,16.096,3477.3
Oak Park,Village,41.8878145,-87.7887615,54583,4.7,11613.4
Wheaton,City,41.8646959,-88.1101709,53970,11.319,4768.1
Normal,Town,40.5092961,-88.9843937,52736,18.296,2882.4
Hoffman Estates,Village,42.0427256,-88.0792782,52530,21.065,2493.7
Downers Grove,Village,41.7936822,-88.0102281,50247,14.643,3431.5
Glenview,Village,42.0700662,-87.8114044,48705,14.001,3478.7
Elmhurst,City,41.8994745,-87.9403418,45786,10.218,4480.9
Plainfield,Village,41.6086711,-88.2054345,44762,24.722,1810.6
Lombard,Village,41.8864687,-88.0201536,44476,10.22,4351.9
Buffalo Grove,Village,42.1514146,-87.959794,43212,9.563,4518.7
Moline,City,41.5058344,-90.5136642,42985,16.753,2565.8
Belleville,City,38.5135805,-89.9841627,42404,23.222,1826.0
Bartlett,Village,41.9908485,-88.1850028,41105,15.726,2613.8
DeKalb,City,41.8903447,-88.7713953,40290,16.15,2494.7
Crystal Lake,City,42.2411344,-88.3161965,40269,18.918,2128.6
Romeoville,Village,41.6475306,-88.0895061,39863,19.074,2089.9
Carol Stream,Village,41.9125286,-88.1347927,39854,9.119,4370.4
Park Ridge,City,42.0112329,-87.8406031,39656,7.088,5594.8
Streamwood,Village,42.0255827,-88.1784085,39577,7.798,5075.3
Quincy,City,39.9356016,-91.4098727,39463,15.765,2503.2
Wheeling,Village,42.138889,-87.9310944,39137,8.672,4513.0
Urbana,City,40.1117174,-88.207301,38336,11.83,3240.6
Carpentersville,Village,42.1211364,-88.2578582,37983,7.883,4818.3
Hanover Park,Village,41.9994722,-88.1450735,37470,6.422,5834.6
Rock Island,City,41.4411786,-90.5766144,37108,16.872,2199.4
Calumet City,City,41.616016,-87.5295837,36033,7.181,5017.8
Addison,Village,41.931696,-87.9889556,35702,9.829,3632.3
Northbrook,Village,42.128704,-87.8265089,35222,13.24,2660.3
Oswego,Village,41.6834778,-88.3525714,34585,14.888,2323.0
Woodridge,Village,41.7563344,-88.045559,34158,9.645,3541.5
Glendale Heights,Village,41.9195385,-88.07663653173373,33176,5.385,6160.8
St. Charles,City,41.9139808,-88.3128183,33081,14.401,2297.1
Elk Grove Village,Village,42.0041236,-87.9706457,32812,11.639,2819.1
O'Fallon,City,38.5922715,-89.9112124,32289,15.559,2075.3
Pekin,City,40.5687911,-89.6501621,31731,15.716,2019.0
Mundelein,Village,42.263079,-88.0039653,31560,9.585,3292.6
Niles,Village,42.0289319,-87.8122348,30912,5.848,5285.9
North Chicago,City,42.325578,-87.8411818,30759,7.993,3848.2
Gurnee,Village,42.3702996,-87.9020186,30706,13.503,2274.0
Highland Park,City,42.1816919,-87.8003438,30176,12.241,2465.2
Galesburg,City,40.9475652,-90.3712169,30052,17.743,1693.7
Algonquin,Village,42.1655801,-88.2942493,29700,12.302,2414.2
Burbank,City,41.741406,-87.7686078,29439,4.17,7059.7
Danville,City,40.125222,-87.6304614,29204,17.856,1635.5
Lansing,Village,41.5662245,-87.5381569,29076,7.462,3896.5
Lake in the Hills,Village,42.1816908,-88.3303618,28982,10.203,2840.5
Glen Ellyn,Village,41.8775293,-88.0670118,28846,6.85,4211.1
Wilmette,Village,42.0757315,-87.7193768,28170,5.403,5213.8
Huntley,Village,42.1722503,-88.42692,27740,14.289,1941.4
Granite City,City,38.7014389,-90.1487199,27549,19.024,1448.1
Chicago Heights,City,41.5062834,-87.6357079,27480,10.283,2672.4
Oak Forest,City,41.6028116,-87.7439384,27478,6.021,4563.7
Round Lake Beach,Village,42.3716881,-88.0900806,27252,5.044,5402.9
New Lenox,Village,41.5119761,-87.9656098,27214,15.722,1731.0
McHenry,City,42.3294391,-88.4605713,27135,14.499,1871.5
Vernon Hills,Village,42.2204892,-87.9803604,26850,7.741,3468.5
Edwardsville,City,38.8114364,-89.953157,26808,19.811,1353.2
Batavia,City,41.8500284,-88.3125738,26098,10.616,2458.4
Lockport,City,41.5894753,-88.057837,26094,11.53,2263.1
Alton,City,38.8908583,-90.1843091,25676,15.681,1637.4
Woodstock,City,42.3147529,-88.4474302,25630,13.187,1943.6
West Chicago,City,41.8847507,-88.2039607,25614,15.376,1665.8
Belvidere,City,42.2579991,-88.841734,25339,12.064,2100.4
Morton Grove,Village,42.0405857,-87.7825696,25297,5.088,4971.9
Melrose Park,Village,41.900299,-87.8569745,24796,4.353,5696.3
Zion,City,42.4461322,-87.8328505,24655,9.904,2489.4
Homer Glen,Village,41.6000318,-87.9381112,24543,22.125,1109.3
Elmwood Park,Village,41.9205931,-87.8160169,24521,1.908,12851.7
Westmont,Village,41.7950525,-87.9751964,24429,5.004,4881.9
Collinsville,City,38.6703267,-89.9845476,24366,15.077,1616.1
Lisle,Village,41.801159,-88.0747687,24223,6.901,3510.1
Rolling Meadows,City,42.0841936,-88.0131275,24200,5.616,4309.1
Kankakee,City,41.1253903,-87.848682,24052,15.057,1597.4
Freeport,City,42.2966861,-89.6212271,23973,11.881,2017.8
South Elgin,Village,41.9941938,-88.2922996,23865,7.06,3380.3
Maywood,Village,41.8789942,-87.8436412,23512,2.717,8653.7
Loves Park,City,42.3200189,-89.0581621,23397,16.325,1433.2
Machesney Park,Village,42.3472406,-89.0389956,22950,12.685,1809.2
Roselle,Village,41.9852583,-88.0799571,22897,5.537,4135.3
Blue Island,City,41.6573014,-87.679871,22558,4.071,5541.1
East Peoria,City,40.666149,-89.5800978,22484,20.411,1101.6
Bloomingdale,Village,41.9575285,-88.0809036,22382,6.766,3308.0
Villa Park,Village,41.8893116,-87.9778368,22263,4.723,4713.7
Darien,City,41.7508713,-87.9739593,22011,6.171,3566.8
Carbondale,City,37.7274692,-89.216655,21857,17.397,1256.4
Park Forest,Village,41.4825788,-87.6802344,21687,4.961,4371.5
Yorkville,City,41.6411409,-88.4472948,21533,19.997,1076.8
South Holland,Village,41.6008681,-87.6069894,21465,7.236,2966.4
Dolton,Village,41.6389236,-87.607268,21426,4.571,4687.4
Geneva,City,41.8875281,-88.3053525,21393,9.919,2156.8
East Moline,City,41.5152157,-90.4420411,21374,14.596,1464.4
Grayslake,Village,42.3433518,-88.0412192,21248,10.9,1949.4
Libertyville,Village,42.2830786,-87.9531303,20579,8.808,2336.4
Crest Hill,City,41.554753,-88.0986709,20459,9.052,2260.2
Harvey,City,41.6100344,-87.6467132,20324,6.206,3274.9
Frankfort,Village,41.4958665,-87.8486613,20296,15.788,1285.5
Montgomery,Village,39.2052633,-89.5057126,20262,9.299,2178.9
Evergreen Park,Village,41.720136,-87.7013258,19943,3.163,6305.1
Mokena,Village,41.5261437,-87.8892189,19887,8.689,2288.8
Lake Zurich,Village,42.1969689,-88.0934108,19759,6.868,2877.0
Brookfield,Village,41.8228378,-87.848085,19476,3.064,6356.4
Homewood,Village,41.5574046,-87.6651467,19463,5.216,3731.4
Lake Forest,City,42.2586461,-87.8407055,19367,17.2,1126.0
Deerfield,Village,42.1711365,-87.8445119,19196,5.528,3472.5
Matteson,Village,41.509832,-87.739267,19073,9.285,2054.2
Alsip,Village,41.6689223,-87.7386619,19063,6.525,2921.5
Ottawa,City,41.3516628,-88.845436,18840,14.657,1285.4
Bensenville,Village,41.9538384,-87.9431781,18813,5.53,3402.0
Bellwood,Village,41.8814197,-87.883117,18789,2.398,7835.3
Round Lake,Village,42.353355,-88.0934145,18721,5.557,3368.9
Sycamore,City,41.9889173,-88.6867538,18577,10.12,1835.7
Palos Hills,City,41.6966397,-87.816924,18530,4.246,4364.1
East St. Louis,City,38.6133731,-90.14629,18469,13.919,1326.9
Franklin Park,Village,41.9353084,-87.865618,18467,4.772,3869.9
North Aurora,Village,41.8061399,-88.3272952,18261,7.557,2416.4
Shorewood,Village,41.5200305,-88.2017293,18186,8.069,2253.8
Bourbonnais,Village,41.1639309,-87.8839693,18164,9.312,1950.6
Cary,Village,42.2119684,-88.2381381,17826,6.232,2860.4
Godfrey,Village,38.9556031,-90.1867765,17825,34.395,518.2
Lemont,Village,41.6737149,-88.0016263,17629,8.321,2118.6
Jacksonville,City,39.7343037,-90.2288356,17616,10.563,1667.7
Hinsdale,Village,41.8024604,-87.9299841,17395,4.623,3762.7
Charleston,City,39.4961458,-88.1761521,17286,8.884,1945.7
Morton,Village,40.6127349,-89.459323,17117,12.808,1336.4
Bridgeview,Village,41.7500323,-87.8042216,17027,4.133,4119.8
Westchester,Village,41.8505866,-87.8820048,16892,3.686,4582.7
Mattoon,City,39.4842821,-88.3773279,16870,10.314,1635.6
Marion,City,38.6477381,-88.9232112,16855,14.392,1171.1
Country Club Hills,City,41.5680898,-87.7203257,16775,4.97,3375.3
Fairview Heights,City,38.5889386,-89.990382,16706,11.431,1461.5
La Grange,Village,41.8054577,-87.8748644,16321,2.525,6463.8
Washington,City,38.3662806,-89.4201902,16071,8.541,1881.6
Prospect Heights,City,42.0953049,-87.9375694,16058,4.256,3773.0
Bradley,Village,41.1421905,-87.8613221,15419,6.932,2224.3
Dixon,City,41.8425197,-89.4814291,15274,7.752,1970.3
Norridge,Village,41.9633641,-87.827284,15251,1.808,8435.3
Macomb,City,40.4588934,-90.6713939,15051,10.57,1423.9
Sterling,City,41.788253,-89.6953656,14764,5.791,2549.5
Antioch,Village,42.4767131,-88.0950691,14622,8.213,1780.3
Mount Vernon,City,38.3172715,-88.9031201,14600,14.583,1001.2
Hickory Hills,City,41.7255879,-87.825055,14505,2.844,5100.2
Chicago Ridge,Village,41.7014217,-87.7792196,14433,2.268,6363.8
Lindenhurst,Village,42.4105765,-88.0261911,14406,4.527,3182.2
Swansea,Village,38.5339392,-89.9889936,14386,6.477,2221.1
Chatham,Village,39.676163,-89.7045439,14377,7.364,1952.3
Forest Park,Village,41.8794989,-87.8136997,14339,2.402,5969.6
Midlothian,Village,41.6253116,-87.7175491,14325,2.819,5081.6
Beach Park,Village,42.4222435,-87.8572955,14249,7.079,2012.9
Morris,City,41.3574135,-88.4215234,14163,9.909,1429.3
Shiloh,Village,38.5614383,-89.8973233,14098,11.032,1277.9
Wauconda,Village,42.2589122,-88.1392474,14084,5.072,2776.8
Wood Dale,City,41.9633625,-87.9789562,14012,4.783,2929.5
Glen Carbon,Village,38.7483814,-89.983158,13842,10.25,1350.4
Western Springs,Village,41.8096132,-87.900671,13629,2.785,4893.7
Warrenville,City,41.8179303,-88.174097,13553,5.46,2482.2
La Grange Park,Village,41.8333646,-87.8677324,13475,2.233,6034.5
Lincolnwood,Village,42.0055985,-87.735572,13463,2.692,5001.1
Channahon,Village,41.4294753,-88.2286735,13383,15.622,856.7
Hazel Crest,Village,41.571713,-87.6945746,13382,3.397,3939.4
Lincoln,City,40.1481349,-89.3636569,13288,6.247,2127.1
Canton,City,40.5580945,-90.0351167,13242,7.858,1685.2
Northlake,City,41.9172526,-87.8956185,12840,3.176,4042.8
Richton Park,Village,41.4845996,-87.7090543,12775,4.392,2908.7
Minooka,Village,41.4553084,-88.2617305,12758,9.405,1356.5
Winnetka,Village,42.1080703,-87.7365286,12744,3.811,3344.0
Justice,Village,41.7456772,-87.8391876,12600,2.84,4436.6
Kewanee,City,41.2455927,-89.9248303,12509,6.597,1896.2
Streator,City,41.1210234,-88.8357361,12500,7.293,1714.0
Rantoul,Village,40.3083672,-88.1558785,12371,8.49,1457.1
Herrin,City,37.8031056,-89.0275744,12352,9.673,1277.0
Effingham,City,39.0520902,-88.6029006,12252,10.309,1188.5
Centralia,City,38.5250491,-89.1334037,12182,8.2,1485.6
Cahokia[a],Village,38.566160499999995,-90.17942355243014,12096,9.753,1240.2
Palos Heights,City,41.6681632,-87.7962812,12068,3.774,3197.7
Plano,City,41.662877,-88.5366814,11847,8.979,1319.4
River Forest,Village,41.8978091,-87.8139483,11717,2.48,4724.6
Schiller Park,Village,41.9558637,-87.8708965,11709,2.77,4227.1
Markham,City,41.5936453,-87.6947699,11661,5.405,2157.4
Burr Ridge,Village,41.7502971,-87.9161818,11192,7.143,1566.8
Summit,Village,41.7880876,-87.810334,11161,2.119,5267.1
Pontiac,City,40.8808666,-88.6297839,11150,8.382,1330.2
Waterloo,City,38.3358857,-90.1498341,11013,8.132,1354.3
Columbia,City,38.4428078,-90.1997949,10999,10.303,1067.6
Roscoe,Village,42.4133505,-89.0092742,10983,10.265,1069.9
Fox Lake,Village,42.3966874,-88.1836965,10978,7.833,1401.5
Worth,Village,41.6899779,-87.7974139,10970,2.369,4630.6
Troy,City,38.7292147,-89.8831541,10960,5.62,1950.2
Campton Hills,Village,41.9361328,-88.3997579,10885,16.89,644.5
Crestwood,Village,41.6611444,-87.7525511,10826,3.049,3550.7
Lyons,Village,41.811108,-87.8232695,10817,2.207,4901.2
Barrington,Village,42.1539141,-88.1361888,10722,4.608,2326.8
Riverdale,Village,41.6333678,-87.6331021,10663,3.575,2982.7
River Grove,Village,41.9258642,-87.8358943,10612,2.391,4438.3
Taylorville,City,39.5487452,-89.2941549,10506,10.315,1018.5
Wood River,City,38.861159,-90.0976069,10464,6.975,1500.2
Pingree Grove,Village,42.0686367,-88.4134159,10365,3.637,2849.9
Highland,City,38.7394918,-89.6712008,9991,6.751,1479.9
Sauk Village,Village,41.4883685,-87.5675414,9921,3.992,2485.2
Peru,City,41.3272919,-89.1287636,9896,9.987,990.9
Winfield,Village,41.8616956,-88.1609031,9835,3.09,3182.8
Flossmoor,Village,41.5428123,-87.6847684,9704,3.661,2650.6
Steger,Village,41.4700348,-87.636432,9584,3.404,2815.5
LaSalle,City,41.3474892,-88.9011861,9582,13.457,712.0
Itasca,Village,41.9751722,-88.0067509,9543,5.022,1900.2
Harvard,City,42.422241,-88.6137101,9469,8.355,1133.3
Rochelle,City,41.9239178,-89.0687074,9446,13.296,710.4
Mahomet,Village,40.195142,-88.4052266,9434,9.722,970.4
Manhattan,Village,41.4225316,-87.9858863,9385,6.681,1404.7
Bethalto,Village,38.9093789,-90.0406568,9310,7.591,1226.5
Riverside,Village,41.8323474,-87.8153195,9298,1.978,4700.7
Sugar Grove,Village,41.7616204,-88.4439261,9278,11.748,789.8
Willowbrook,Village,41.7697533,-87.9358931,9236,2.572,3591.0
Manteno,Village,41.2506759,-87.8314299,9210,5.344,1723.4
Lynwood,Village,41.5255648,-87.54056,9116,4.964,1836.4
Harwood Heights,Village,41.9669615,-87.8076726,9065,0.825,10987.9
Hawthorn Woods,Village,42.2169686,-88.0495211,9062,8.046,1126.3
Monmouth,City,40.9127103,-90.6472477,8902,4.242,2098.5
Savoy,Village,40.054753,-88.2517165,8857,3.233,2739.6
Glencoe,Village,42.1350268,-87.7581188,8849,3.718,2380.0
Rock Falls,City,41.7816248,-89.6926018,8789,3.983,2206.6
Mascoutah,City,38.490327,-89.793154,8754,9.578,914.0
Lake Villa,Village,42.4169651,-88.0739708,8741,6.515,1341.7
Clarendon Hills,Village,41.7961237,-87.9551429,8702,1.81,4807.7
Olney,City,38.7296538,-88.0846891,8701,6.931,1255.4
Glenwood,Village,41.5424867,-87.6022765,8662,3.264,2653.8
Crete,Village,41.4445334,-87.6313829,8465,9.409,899.7
Long Grove,Village,42.1783584,-87.9978518,8366,12.387,675.4
Gilberts,Village,42.1034365,-88.3745145,8366,5.489,1524.1
Jerseyville,City,39.1200471,-90.3284479,8337,5.237,1591.9
Hillside,Village,41.8778084,-87.9028398,8320,3.168,2626.3
Paris,City,39.611146,-87.6961374,8291,5.676,1460.7
Maryville,Village,38.7236594,-89.9559348,8221,5.676,1448.4
Harrisburg,City,37.7385,-88.5405213,8219,6.612,1243.0
Oak Brook,Village,41.8328085,-87.9289504,8163,7.959,1025.6
Island Lake,Village,42.2761341,-88.1920272,8051,3.348,2404.7
Silvis,City,41.5122561,-90.4151301,8003,4.285,1867.7
Broadview,Village,41.8639201,-87.8533931,7998,1.777,4500.8
South Beloit,City,42.4930708,-89.0367764,7989,6.144,1300.3
Lincolnshire,Village,42.1900249,-87.9084039,7940,4.559,1741.6
Park City,City,42.3483554,-87.8842397,7885,1.157,6815.0
Rockton,Village,42.4525157,-89.0723317,7863,6.862,1145.9
Princeton,City,41.368092,-89.4648145,7832,8.24,950.5
West Dundee,Village,42.0980812,-88.2828581,7686,3.637,2113.3
Round Lake Park,Village,42.3569661,-88.0767465,7680,2.063,3722.7
Hampshire,Village,42.0978028,-88.5303643,7667,9.505,806.6
Inverness,Village,42.1180815,-88.0961865,7616,6.534,1165.6
Marengo,City,42.250149,-88.6081303,7568,8.536,886.6
Vandalia,City,38.960601,-89.0936778,7458,8.147,915.4
North Riverside,Village,41.84686,-87.8152024,7426,1.644,4517.0
Salem,City,38.6269929,-88.9456158,7282,6.991,1041.6
West Frankfort,City,37.8978275,-88.9314583,7275,4.98,1460.8
Sandwich,City,41.6458633,-88.6217432,7221,4.736,1524.7
Robinson,City,39.0053201,-87.7391936,7150,4.699,1521.6
University Park,Village,41.4400344,-87.683377,7145,10.727,666.1
Stickney,Village,41.8193283,-87.7796895,7110,1.924,3695.4
Murphysboro,City,37.7644952,-89.3350888,7093,5.248,1351.6
Greenville,City,38.8922687,-89.4131356,7083,6.309,1122.7
Mendota,City,41.5472547,-89.1175852,7061,5.056,1396.6
Calumet Park,Village,41.6639076,-87.6575786,7025,1.117,6289.2
Mount Carmel,City,38.4108801,-87.7614174,7015,4.809,1458.7
Clinton,City,38.5896187,-89.420064,7004,3.572,1960.8
Orland Hills,Village,41.5853107,-87.8431078,6893,1.145,6020.1
Chester,City,37.9136628,-89.8220505,6814,5.806,1173.6
Benton,City,37.9967163,-88.9200685,6709,5.48,1224.3
Winthrop Harbor,Village,42.478934,-87.8238485,6705,4.637,1446.0
Litchfield,City,39.1768621,-89.655615,6605,8.989,734.8
Geneseo,City,41.4525168,-90.1548364,6539,4.646,1407.4
Countryside,City,41.7828093,-87.8781139,6420,2.878,2230.7
Johnsburg,Village,42.3800209,-88.2420315,6355,7.163,887.2
Braidwood,City,41.2650318,-88.2122823,6194,5.296,1169.6
Lakemoor,Village,42.3286331,-88.1989732,6182,5.263,1174.6
Elburn,Village,41.8922499,-88.4723014,6175,3.608,1711.5
Chillicothe,City,40.9161637,-89.4884384,6128,5.274,1161.9
Volo,Village,42.3261332,-88.167861,6122,3.915,1563.7
Mount Zion,Village,39.7714252,-88.8742406,6019,4.227,1423.9
Metropolis,City,37.1511655,-88.7319979,5969,6.02,991.5
Beardstown,City,40.0167925,-90.4345418,5951,3.619,1644.4
Bartonville,Village,40.6503158,-89.6520455,5945,8.05,738.5
Monticello,City,40.026295,-88.567956,5941,3.852,1542.3
Peoria Heights,Village,40.7472744,-89.5740289,5908,2.492,2370.8
Hillsboro,City,39.1609575,-89.4933899,5902,8.262,714.4
Pontoon Beach,Village,38.7317158,-90.0803839,5876,9.96,590.0
Willow Springs,Village,41.7402308,-87.8586963,5857,4.155,1409.6
Carterville,City,37.7619372,-89.0772709,5848,5.266,1110.5
Du Quoin,City,38.0114393,-89.2361935,5827,6.979,834.9
East Alton,Village,38.8803256,-90.1112184,5786,5.318,1088.0
Northfield,Village,42.09975,-87.7808967,5751,3.23,1780.5
Carlinville,City,39.2797699,-89.8817662,5710,3.369,1694.9
Coal City,Village,41.2877895,-88.2855246,5705,5.617,1015.7
Wilmington,City,39.4794415,-90.4874557487872,5664,13.803,410.3
Posen,Village,41.6317008,-87.681437,5632,1.169,4817.8
Lake Bluff,Village,42.2789117,-87.8342362,5616,4.075,1378.2
Spring Valley,City,41.3275353,-89.1998078,5582,7.356,758.8
Spring Grove,Village,42.4436308,-88.2364775,5487,9.046,606.6
Berkeley,Village,41.8889194,-87.9033956,5338,1.402,3807.4
Genoa,City,42.097248,-88.6928688,5298,2.59,2045.6
Eureka,City,40.7213015,-89.2726708,5227,2.684,1947.5
Pana,City,39.3889311,-89.0800809,5199,3.855,1348.6
Monee,Village,41.420034,-87.7417115,5128,4.472,1146.7
Lake Barrington,Village,42.2125241,-88.1525798,5100,5.736,889.1
Milan,Village,41.453089,-90.5720803,5097,6.254,815.0
South Barrington,Village,42.0915586,-88.1219348,5077,7.427,683.6
Highwood,City,42.1998879,-87.8093247,5074,0.721,7037.4
Pinckneyville,City,38.0803286,-89.3820321,5066,4.106,1233.8
Staunton,City,39.0121862,-89.7884869,5054,3.974,1271.8
Poplar Grove,Village,42.3683522,-88.822047,5049,7.663,658.9
Colona,City,41.4754634,-90.3603496,5045,3.818,1321.4
Creve Coeur,Village,40.6472603,-89.5912098,4934,4.231,1166.2
Hoopeston,City,40.4672587,-87.6683573,4915,3.686,1333.4
Palos Park,Village,41.6673636,-87.8304952,4899,6.445,760.1
Fairfield,City,38.378937,-88.3597684,4883,4.028,1212.3
Carmi,City,38.0908796,-88.1586488,4865,2.589,1879.1
Marseilles,City,41.3308666,-88.7081293,4845,9.08,533.6
Flora,City,38.6689364,-88.4856042,4803,4.69,1024.1
Olympia Fields,Village,41.513368,-87.6742119,4718,2.939,1605.3
Beecher,Village,41.3405417,-87.6215144,4713,2.728,1727.6
Fox River Grove,Village,42.2008575,-88.2145259,4702,1.711,2748.1
Lebanon,City,38.6039375,-89.8073195,4691,2.695,1740.6
Watseka,City,40.7761465,-87.7364218,4679,2.944,1589.3
Shelbyville,City,39.4064284,-88.7900689,4674,4.076,1146.7
Sherman,Village,39.8936608,-89.6048231,4673,3.127,1494.4
Breese,City,38.6106338,-89.5259341,4641,2.669,1738.9
Tuscola,City,39.7991986,-88.2831038,4636,2.878,1610.8
Robbins,Village,41.6439227,-87.7036602,4629,1.449,3194.6
Freeburg,Village,38.4275865,-89.9137592,4582,6.836,670.3
Stone Park,Village,41.9055862,-87.8836732,4576,0.344,13302.3
Auburn,City,39.5917197,-89.7464874,4574,4.124,1109.1
Paxton,City,40.4603125,-88.0953201,4450,3.036,1465.7
Sullivan,City,39.599479,-88.6078392,4413,2.769,1593.7
Caseyville,Village,38.6367162,-90.0256606,4400,7.266,605.6
Cortland,Town,41.9200288,-88.6886963,4398,3.649,1205.3
Hometown,City,41.731246,-87.7309534,4343,0.479,9066.8
Anna,City,37.4603274,-89.2470282,4303,3.558,1209.4
Lakewood,Village,42.22919,-88.355086,4283,4.587,933.7
West Peoria,City,40.6925376,-89.627877,4263,2.106,2024.2
Centreville[a],City,38.5833842,-90.125109,4232,4.167,1015.6
Pittsfield,City,39.6078254,-90.805129,4206,4.782,879.5
Lawrenceville,City,38.7292138,-87.6816927,4164,2.164,1924.2
Peotone,Village,41.3323725,-87.7850863,4150,2.001,2074.0
Green Oaks,Village,42.2979712,-87.91311828063661,4128,3.985,1035.9
Barrington Hills,Village,42.1447475,-88.1556336,4114,27.004,152.3
Sparta,City,38.1231053,-89.7017658,4095,11.17,366.6
Kildeer,Village,42.1705807,-88.0478532,4091,4.23,967.1
Morrison,City,41.8094058,-89.9649496,4085,2.518,1622.3
Millstadt,Village,38.4614404,-90.0917755,4071,3.491,1166.1
Indian Head Park,Village,41.7723527,-87.9012671,4065,0.93,4371.0
Burnham,Village,41.638924,-87.5567108,4046,1.855,2181.1
Dwight,Village,41.0944767,-88.4250597,4032,3.297,1222.9
South Chicago Heights,Village,41.4808681,-87.6378211,4026,1.581,2546.5
Smithton,Village,38.4086616,-89.9920501,4006,4.435,903.3
Dupo,Village,38.5161634,-90.2103903,3996,6.377,626.6
Wonder Lake,Village,42.3852983,-88.3473126,3973,4.964,800.4
Rosemont,Village,41.9941334,-87.8756737,3952,1.792,2205.4
Marshall,City,41.0324537,-89.2998456,3947,3.666,1076.7
Metamora,Village,40.7907409,-89.3614407,3904,2.263,1725.1
Coal Valley,Village,41.4430956,-90.4613634,3873,3.112,1244.5
Rochester,Village,39.7494943,-89.5317603,3863,2.646,1459.9
St. Joseph,Village,40.1117007,-88.0417048,3810,2.083,1829.1
Red Bud,City,38.2117173,-89.9942741,3804,2.623,1450.2
Riverwoods,Village,42.1676068,-87.8970986,3790,3.967,955.4
Byron,City,42.1269692,-89.2556618,3784,4.65,813.8
Eldorado,City,37.8136583,-88.4381029,3743,2.503,1495.4
Forsyth,Village,39.9325368,-88.9511912,3734,3.13,1193.0
Oglesby,City,41.2953127,-89.0595266,3712,4.992,743.6
Deer Park,Village,42.1608585,-88.0814651,3681,3.654,1007.4
Fulton,City,40.4714305,-90.1845556,3647,2.338,1559.9
Fairbury,City,40.7472566,-88.5147789,3633,1.809,2008.3
Aledo,City,41.1998568,-90.7486349,3633,2.368,1534.2
Tolono,Village,39.9861415,-88.2589387,3604,2.061,1748.7
Oregon,City,42.0147513,-89.3323279,3604,1.927,1870.3
Hainesville,Village,42.3450219,-88.067858,3546,1.847,1919.9
Riverton,Village,39.8442164,-89.5395417,3532,3.121,1131.7
Wadsworth,Village,42.4286321,-87.9239651,3517,9.857,356.8
Le Roy,City,40.3519795,-88.764237,3512,2.404,1460.9
Gibson City,City,40.4653118,-88.3758875,3475,2.321,1497.2
New Baden,Village,38.5349571,-89.7007595,3428,1.825,1878.4
Germantown Hills,Village,40.7664259,-89.467869,3412,1.636,2085.6
Johnston City,City,37.8206053,-88.9275695,3384,2.116,1599.2
Galena,City,42.4157304,-90.4294726,3308,4.492,736.4
South Jacksonville,Village,39.7086582,-90.2281762,3302,2.273,1452.7
Carlyle,City,38.6103264,-89.3725796,3253,3.425,949.8
Virden,City,39.5008866,-89.7678747,3231,1.889,1710.4
Sleepy Hollow,Village,42.0941923,-88.3025807,3214,2.019,1591.9
North Barrington,Village,42.207802,-88.1406349,3171,4.712,673.0
Madison,City,38.811063,-89.9017112,3171,13.955,227.2
Gillespie,City,39.1266528,-89.8163435,3168,1.484,2134.8
Westville,Village,40.0422589,-87.6386322,3167,1.678,1887.4
East Dundee,Village,42.0989145,-88.2714689,3152,2.839,1110.3
Georgetown,City,39.9753144,-87.6358546,3143,1.616,1944.9
Momence,City,41.1721844,-87.6697967,3117,1.569,1986.6
Nashville,City,38.3434906,-89.3809783,3105,3.079,1008.4
Rushville,City,40.1211577,-90.5631829,3005,1.652,1819.0
Dixmoor,Village,41.6317009,-87.6608807,2973,1.249,2380.3
Havana,City,40.3014316,-90.0633625,2963,2.776,1067.4
Abingdon,City,40.8044833,-90.4017954,2951,1.425,2070.9
Winnebago,Village,42.3255276,-89.1496574,2940,1.934,1520.2
Arcola,City,39.684755,-88.3064367,2927,2.023,1446.9
Cherry Valley,Village,42.2392959,-88.9597115,2905,8.405,345.6
Knoxville,City,40.9083715,-90.2848476,2901,2.35,1234.5
Mount Morris,Village,42.0503062,-89.4312201,2861,1.56,1834.0
Heyworth,Village,40.313378,-88.9736633,2791,3.026,922.3
Savanna,City,42.0944672,-90.1567944,2783,2.616,1063.8
Newton,City,38.9904382,-88.161961,2777,2.088,1330.0
Lena,Village,42.3804975,-89.8220784,2772,2.651,1045.6
El Paso,City,40.7392018,-89.0164626,2756,2.145,1284.8
Hamilton,City,38.0619569,-88.5301136,2753,3.561,773.1
Oakbrook Terrace,City,41.8500302,-87.9645077,2751,1.306,2106.4
Bushnell,City,40.5511655,-90.5098448,2718,2.117,1283.9
Christopher,City,37.9725501,-89.053408,2697,1.622,1662.8
Trenton,City,38.6050833,-89.6817621,2690,1.88,1430.9
Pawnee,Village,39.5917186,-89.5803739,2678,1.332,2010.5
McLeansboro,City,38.0933811,-88.5356076,2675,2.817,949.6
Tilton,Village,40.0953144,-87.6475213,2660,3.788,702.2
Diamond,Village,41.2886428,-88.2517287,2640,1.9,1389.5
Sumner,City,38.7170202,-87.8613491,2631,1.398,1882.0
Round Lake Heights,Village,42.3800212,-88.1042489,2622,0.575,4560.0
Washington Park,Village,38.6350501,-90.0928852,2592,2.521,1028.2
Marquette Heights,City,40.6175383,-89.6003776,2541,0.974,2608.8
Kenilworth,Village,42.0894728,-87.7149295,2514,0.607,4141.7
Davis Junction,Village,42.1016919,-89.0931574,2512,4.2,598.1
Carthage,City,40.416433,-91.1362537,2490,2.491,999.6
Carrollton,City,39.3022693,-90.4070632,2485,1.902,1306.5
Villa Grove,City,39.8654663,-88.152527,2472,1.502,1645.8
Galva,City,41.1660682,-90.0455662,2470,2.755,896.6
Sheridan,Village,41.9538873,-87.654928,2431,2.121,1146.2
Casey,City,39.2993863,-87.991754,2404,2.263,1062.3
Farmington,City,40.6980933,-90.0059483,2389,1.505,1587.4
Thornton,Village,41.5725811,-87.6095281,2386,2.375,1004.6
Seneca,Village,41.3107161,-88.6090863,2353,6.417,366.7
Aviston,Village,38.6067183,-89.6075894,2340,1.6,1462.5
Henry,City,41.3418549,-90.1177442,2320,1.797,1291.0
White Hall,City,39.4368807,-90.4024169,2295,2.577,890.6
Polo,City,41.986141,-89.5792782,2291,1.334,1717.4
Wayne,Village,38.4251958,-88.4197678,2286,5.73,399.0
Amboy,City,41.7141997,-89.3287061,2278,6.368,357.7
Tremont,Village,40.5275392,-89.4925979,2277,1.12,2033.0
Fairmont City,Village,38.6497722,-90.0931629,2265,6.205,365.0
Petersburg,City,40.0117151,-89.8481652,2258,1.562,1445.6
Arthur,Village,39.7147552,-88.472278,2231,1.337,1668.7
Elwood,Village,41.4039201,-88.1117242,2229,13.641,163.4
Brighton,Village,39.039773,-90.1410023,2221,1.921,1156.2
Altamont,City,39.062036,-88.7481224,2216,1.489,1488.2
Nokomis,City,39.3012762,-89.2852911,2142,1.261,1698.7
Pecatonica,Village,42.3138917,-89.3593778,2090,1.283,1629.0
Lexington,City,40.6414237,-88.7834001,2090,2.047,1021.0
Richmond,Village,42.4758522,-88.3059251,2089,4.29,486.9
Cambridge,Village,41.3025257,-90.1962861,2086,1.991,1047.7
Mason City,City,40.2022663,-89.6981639,2077,1.014,2048.3
Oakwood Hills,Village,42.2464123,-88.2428615,2076,1.088,1908.1
Fisher,Village,40.3147555,-88.3500541,2062,1.33,1550.4
Elmwood,City,40.7778151,-89.9665017,2058,1.396,1474.2
Lewistown,City,40.3930973,-90.1548421,2041,2.0,1020.5
Mount Olive,City,39.0722212,-89.7271733,2015,1.153,1747.6
Rockdale,Village,41.506142,-88.1145036,2012,1.411,1425.9
Mount Sterling,City,39.9872707,-90.763463,2006,1.108,1810.5
Hinckley,Village,41.7689183,-88.640913,2006,0.847,2368.4
Catlin,Village,40.0650363,-87.7019675,1983,0.849,2335.7
Athens,City,39.9608826,-89.7239944,1977,1.682,1175.4
Albion,City,38.3775484,-88.0561465,1971,2.136,922.8
Merrionette Park,Village,41.681037,-87.7009693,1969,0.375,5250.7
Prairie Grove,Village,42.2786339,-88.2609184,1963,5.677,345.8
Roanoke,Village,40.7961465,-89.1973042,1960,0.939,2087.3
New Athens,Village,38.3264383,-89.8770468,1955,2.112,925.7
Prophetstown,City,41.6714198,-89.9362249,1946,1.339,1453.3
Steeleville,Village,38.007273,-89.6584326,1930,1.523,1267.2
Minonk,City,40.9044778,-89.0345224,1928,2.4,803.3
South Roxana,Village,38.8294924,-90.0628834,1891,2.158,876.3
Sesser,City,38.0917168,-89.0503512,1888,1.03,1833.0
Mackinaw,Village,40.5368469,-89.3575733,1879,1.189,1580.3
Lacon,City,41.0247583,-89.4112007,1878,1.6,1173.8
Bellevue,Village,40.6844821,-89.6801015,1878,2.224,844.4
Carbon Cliff,Village,41.4947564,-90.3906844,1846,2.095,881.1
Marissa,Village,38.2500481,-89.7500988,1833,7.212,254.2
Farmer City,City,40.2433676,-88.6425668,1828,2.395,763.3
Ford Heights,Village,41.506424,-87.5917092,1813,1.946,931.7
Bridgeport,City,41.8379385,-87.651028,1800,1.072,1679.1
Somonauk,Village,41.6336413,-88.6811883,1786,2.488,717.8
Girard,City,39.4464409,-89.7809301,1785,0.934,1911.1
Hampton,Village,41.5561473,-90.4096858,1779,1.461,1217.7
Moweaqua,Village,39.6247614,-89.0189684,1764,2.123,830.9
Orion,Village,41.353844,-90.3814248,1754,0.944,1858.1
Hudson,Village,40.6058688,-88.9872965,1753,0.818,2143.0
Gilman,City,40.7667015,-87.992262,1738,2.433,714.3
Cairo,City,37.0057958,-89.1772449,1733,6.987,248.0
Stockton,Village,42.3497355,-90.0067917,1728,1.877,920.6
Chenoa,City,40.7417014,-88.7197856,1720,2.43,707.8
Jonesboro,City,37.4517163,-89.2681402,1711,2.7,633.7
Phoenix,Village,41.6147151,-87.6323811,1708,0.464,3681.0
Jerome,Village,39.7673609,-89.67755613367817,1692,0.462,3662.3
Carrier Mills,Village,37.6842156,-88.6328326,1672,1.208,1384.1
Atlanta,City,40.2596504,-89.2332466,1669,1.249,1336.3
Port Byron,Village,41.6063216,-90.3357762,1668,2.428,687.0
Kirkland,Village,42.0925258,-88.8512063,1650,1.226,1345.8
Ina,Village,38.1511606,-88.9039554,1641,2.405,682.3
Princeville,Village,40.9297591,-89.7576022,1636,1.695,965.2
De Pue,Village,41.3242025,-89.3067549,1633,2.775,588.5
Bunker Hill,City,39.0428239,-89.951769,1630,1.274,1279.4
Teutopolis,Village,39.1330967,-88.4719918,1618,2.043,792.0
Earlville,City,41.5894754,-88.9220266,1613,1.201,1343.0
Thomson,Village,41.9589158,-90.0992924,1610,2.219,725.6
Dunlap,Village,40.8616513,-89.6777665,1603,2.308,694.5
Southern View,Village,39.7573207,-89.6536926,1596,0.647,2466.8
Port Barrington,Village,42.2425236,-88.2020267,1584,1.16,1365.5
Roodhouse,City,39.4839361,-90.3715105,1578,1.127,1400.2
Maroa,City,40.0364257,-88.957026,1577,1.763,894.5
Winchester,City,39.62973,-90.4562813,1574,1.129,1394.2
Delavan,City,40.3725415,-89.5473245,1568,1.44,1088.9
Alorton[a],Village,38.58979,-90.1200498,1566,1.808,866.2
Limestone,Village,41.1340115,-87.96740842732967,1558,2.622,594.2
Manito,Village,40.4258736,-89.7792762,1552,1.513,1025.8
Grayville,City,38.257547,-87.9936436,1550,2.127,728.7
Mount Pulaski,City,40.0108767,-89.282314,1537,1.134,1355.4
Herscher,Village,41.0495316,-88.09621,1521,1.813,838.9
Erie,Village,41.6563287,-90.0790166,1518,1.38,1100.0
Virginia,City,39.9511595,-90.2123427,1514,1.207,1254.3
Warsaw,City,40.359211,-91.4345978,1510,6.52,231.6
East Dubuque,City,42.4922253,-90.6429054,1505,2.742,548.9
Cambria,Village,37.7814392,-89.1192454,1505,1.415,1063.6
Lanark,City,42.1020953,-89.8329726,1504,1.121,1341.7
Hodgkins,Village,41.7689207,-87.857835,1500,2.712,553.1
Venice,City,38.6722727,-90.169832,1498,1.849,810.2
Zeigler,City,37.8994945,-89.0520194,1484,1.359,1092.0
Bement,Village,39.9219782,-88.572008,1484,0.778,1907.5
Mount Carroll,City,42.0948582,-89.9777041,1479,2.003,738.4
North Pekin,Village,40.6150384,-89.6223229,1478,1.392,1061.8
Benld,City,39.0928246,-89.8039845,1464,1.06,1381.1
Gridley,Village,40.7433682,-88.8814578,1456,1.233,1180.9
Roxana,Village,38.8482602,-90.0768875,1454,7.101,204.8
Leland Grove,City,39.779088900000005,-89.68224787492241,1454,0.628,2315.3
Crainville,Village,37.7519945,-89.0678543,1443,1.653,873.0
Forreston,Village,42.1261742,-89.579115,1435,0.943,1521.7
Waterman,Village,41.7716963,-88.7736942,1433,1.451,987.6
Maple Park,Village,41.9075282,-88.5992494,1433,2.154,665.3
Williamsville,Village,39.9542161,-89.5487126,1425,1.548,920.5
De Soto,Village,37.8175506,-89.2278613,1407,0.912,1542.8
Grandview,Village,39.817477499999995,-89.61877876568266,1405,0.335,4194.0
Neoga,City,39.3194817,-88.4528261,1398,1.39,1005.8
Capron,Village,42.399423,-88.7405851,1395,0.768,1816.4
Philo,Village,40.0069761,-88.1580999,1392,0.829,1679.1
Durand,Village,42.4358914,-89.3319502,1390,0.919,1512.5
New Berlin,Village,39.7253276,-89.9106632,1381,1.13,1222.1
Oblong,Village,39.0019867,-87.9089205,1371,1.086,1262.4
Okawville,Village,38.4342164,-89.5503676,1369,2.025,676.0
Hebron,Village,42.4716853,-88.432318,1368,1.931,708.4
Gardner,Village,41.1858456,-88.3097673,1366,2.912,469.1
Greenup,Village,39.2478159,-88.1633719,1365,1.75,780.0
Granville,Village,41.2611471,-89.2275863,1359,1.307,1039.8
St. Jacob,Village,38.7201135,-89.76899568662014,1358,0.832,1632.2
Clifton,Village,40.9353109,-87.9344851,1352,0.93,1453.8
Kincaid,Village,39.5886601,-89.4145363,1349,0.817,1651.2
Vienna,City,37.4153295,-88.8978435,1343,2.837,473.4
Toluca,City,41.0022556,-89.133416,1340,1.062,1261.8
Onarga,Village,40.715035,-88.0061509,1333,1.674,796.3
Oakwood,Village,40.1161471,-87.7783592,1325,0.928,1427.8
Germantown,Village,38.5538072,-89.5382505,1324,1.014,1305.7
Warren,Village,40.8442828,-90.6168408,1323,1.033,1280.7
North Utica,Village,41.3405897,-89.010081,1323,3.455,382.9
Cerro Gordo,Village,39.8905912,-88.7281262,1316,0.729,1805.2
Chrisman,City,39.8036467,-87.673635,1312,0.719,1824.8
Walnut,Village,41.5567012,-89.5934315,1311,0.801,1636.7
Harristown,Village,39.8539279,-89.0839704,1310,1.797,729.0
Barry,City,39.6942135,-91.0390246,1303,1.432,909.9
Wyoming,City,41.0617037,-89.7731578,1300,0.854,1522.2
East Hazel Crest,Village,41.5736457,-87.6464346,1297,0.784,1654.3
Grant Park,Village,41.2454168,-87.6425237,1294,3.413,379.1
Ladd,Village,41.3825348,-89.2189748,1263,1.209,1044.7
Long Creek,Village,39.8119806,-88.8475739,1261,2.825,446.4
Bethany,Village,39.6455916,-88.7381252,1255,0.977,1284.5
St. Elmo,City,39.0272663,-88.8481139,1254,1.483,845.6
Hanna City,Village,40.6916904,-89.7951769,1253,1.278,980.4
Valmeyer,Village,38.3053765,-90.30015416764618,1233,3.417,360.8
Palestine,Village,39.0036537,-87.612802,1233,0.789,1562.7
Tower Lakes,Village,42.2319682,-88.1520248,1226,0.919,1334.1
Hillcrest,Village,41.9511398,-89.0645413,1224,3.549,344.9
Rossville,Village,40.3792031,-87.6686342,1221,1.398,873.4
Ashland,Village,39.8878264,-90.0078907,1218,0.748,1628.3
Sidney,Village,40.0250332,-88.0733729,1208,0.624,1935.9
Downs,Village,40.39698,-88.8706291,1201,2.966,404.9
Waverly,City,39.5917159,-89.9528847,1194,1.036,1152.5
Toulon,City,41.0936482,-89.8648284,1193,1.017,1173.1
Hartford,Village,38.8333815,-90.09594,1185,5.166,229.4
Chatsworth,Town,40.7536464,-88.2919947,1185,2.757,429.8
Cuba,City,40.4928181,-90.1906768,1184,0.543,2180.5
Andalusia,Village,41.4427871,-90.7202327,1184,1.175,1007.7
Macon,City,39.8455208,-88.9602376,1177,1.451,811.2
La Harpe,City,40.5833749,-90.9693057,1175,1.364,861.4
Toledo,Village,39.2736491,-88.2436523,1161,0.888,1307.4
St. Anne,Village,41.0252,-87.7133804,1161,0.83,1398.8
Milford,Village,40.6283696,-87.6961395,1158,0.671,1725.8
Sandoval,Village,38.6156043,-89.1142343,1157,0.996,1161.6
Assumption,City,39.5203188,-89.0489712,1155,0.99,1166.7
Minier,Village,40.4336504,-89.3131465,1154,0.569,2028.1
Norris City,Village,37.9811576,-88.3292104,1145,1.172,977.0
Malta,Village,41.9292207,-88.8623138,1143,0.612,1867.6
Divernon,Village,39.5656082,-89.6573192,1139,0.763,1492.8
Louisville,Village,38.772269,-88.5025485,1136,0.828,1372.0
Oquawka,Village,40.931982,-90.9470863,1134,1.469,772.0
Blue Mound,Village,39.7011516,-89.1231356,1133,0.585,1936.8
Bull Valley,Village,42.3205773,-88.3550887,1128,9.128,123.6
Camp Point,Village,40.0392139,-91.0693041,1121,1.134,988.5
Albers,Village,38.5433823,-89.6123129,1121,0.846,1325.1
Martinsville,City,39.3355924,-87.8819761,1118,2.021,553.2
Atwood,Village,39.7994772,-88.4622789,1116,0.614,1817.6
Third Lake,Village,42.3739105,-88.0109121,1111,0.586,1895.9
Warrensburg,Village,39.9328162,-89.0620278,1110,0.728,1524.7
Kingston,Village,42.0997482,-88.7589818,1108,0.984,1126.0
Colchester,City,40.4264306,-90.7926324,1108,1.15,963.5
Big Rock,Village,41.7639181,-88.5470219,1104,4.318,255.7
Central City,Village,38.5489379,-89.127014,1098,0.565,1943.4
Griggsville,City,39.7089362,-90.7245722,1097,1.106,991.9
Worden,Village,38.9314354,-89.838986,1096,0.713,1537.2
Danvers,Village,40.5294818,-89.1773055,1089,0.803,1356.2
Edinburg,Village,39.6572697,-89.3895338,1085,0.625,1736.0
"Windsor, Shelby County, Illinois",City,39.4408693,-88.5947802,1079,0.63,1712.7
Stillman Valley,Village,42.1072475,-89.1792706,1075,0.57,1886.0
Cobden,Village,37.5314386,-89.253418,1074,1.219,881.1
Homer,Village,40.0347569,-87.9580892,1073,0.98,1094.9
Lovington,Village,39.71559,-88.6325641,1069,0.544,1965.1
Royalton,Village,37.8769946,-89.1145223,1068,1.115,957.8
Goreville,Village,37.5544953,-88.9722932,1068,2.686,397.6
Greenfield,City,39.3436577,-90.2126145,1059,1.714,617.9
Shawneetown,City,37.7167171,-88.1864144,1054,0.734,1436.0
Chebanse,Village,41.003088,-87.9080965,1044,1.19,877.3
Forrest,Village,40.7519792,-88.4111647,1041,0.648,1606.5
Thomasboro,Village,40.2417001,-88.1842134,1034,0.995,1039.2
Washburn,Village,40.9181579,-89.2912489,1032,0.72,1433.3
Lily Lake,Village,41.948916,-88.4778586,1032,2.717,379.8
Milledgeville,Village,41.9633615,-89.7745604,1026,0.69,1487.0
Payson,Village,39.8169907,-91.2423657,1025,1.17,876.1
Bannockburn,Village,42.1933581,-87.8664579,1013,2.028,499.5
Flanagan,Village,40.8780891,-88.8611818,1010,0.574,1759.6
Odell,Village,41.003643,-88.5253364,1003,1.077,931.3
Morrisonville,Village,39.4200501,-89.4556486,997,1.035,963.3
South Pekin,Village,40.4944838,-89.6517711,996,0.515,1934.0
Colfax,Village,40.5669788,-88.6164508,996,0.553,1801.1
Wayne City,Village,38.345326,-88.5878312,994,1.722,577.2
McCullom Lake,Village,42.3683543,-88.2925883,988,0.347,2847.3
Wamac,City,38.4968075,-89.14648072190121,985,1.405,701.1
Rosiclare,City,37.4236626,-88.3461483,980,1.939,505.4
Mazon,Village,41.2414217,-88.4195101,979,0.602,1626.2
Wenona,City,41.0525331,-89.0503587,974,0.736,1323.4
Energy,Village,37.7740055,-89.0266269,974,1.194,815.7
Newark,Village,41.5388542,-88.5852333,973,1.124,865.7
Ashton,Village,41.8661417,-89.2212088,967,0.67,1443.3
Sheldon,Village,40.7692032,-87.5639173,965,0.753,1281.5
Atkinson,Town,41.4208678,-90.0151121,965,1.921,502.3
Rapids City,Village,41.581696,-90.3434561,964,1.626,592.9
Leland,Village,41.6125307,-88.7995237,951,0.534,1780.9
Nauvoo,City,40.550042,-91.3848749,950,3.386,280.6
Raymond,Village,39.3194941,-89.5720367,949,1.258,754.4
Goodfield,Village,40.6297593,-89.2748084,936,1.622,577.1
Odin,Village,38.617271,-89.0522867,935,1.003,932.2
Hamel,Village,38.8889357,-89.845375,929,1.19,780.7
Astoria,Town,40.227545,-90.3595683,929,0.586,1585.3
Mansfield,Village,40.211422,-88.5061721,928,0.508,1826.8
Pleasant Hill,Village,39.4433806,-90.8723527,924,0.765,1207.8
Beckemeyer,Village,38.6056043,-89.4359158,923,0.613,1505.7
Argenta,Village,39.9819808,-88.8228535,913,0.653,1398.2
Marine,Village,38.7864361,-89.7775939,912,0.746,1222.5
Ramsey,Village,39.1444882,-89.108685,911,1.111,820.0
Gifford,Village,40.305868,-88.0211489,911,0.444,2051.8
Timberlane,Village,42.3347416,-88.8612138,906,1.746,518.9
Percy,Village,38.0164398,-89.6187089,906,0.979,925.4
Franklin Grove,Village,41.8416982,-89.3003765,896,0.467,1918.6
Roseville,Village,40.7322617,-90.6645784,892,0.739,1207.0
Oreana,Village,39.9386476,-88.8656324,891,0.468,1903.8
Dieterich,Village,39.0620618,-88.3801638,890,1.366,651.5
Wyanet,Village,41.3653402,-89.5807355,886,0.946,936.6
Annawan,Town,41.3972573,-89.9045518,884,2.135,414.1
Mendon,Village,40.0883795,-91.2837565,872,0.857,1017.5
Viola,Village,41.2030911,-90.5870792,869,0.838,1037.0
Glasford,Village,40.5725386,-89.813442,866,0.908,953.7
Albany,Village,41.7894748,-90.2192941,864,1.071,806.7
Shabbona,Village,41.7680851,-88.8770311,863,1.283,672.6
Hanover,Village,42.2564051,-90.2795734,863,1.122,769.2
Ridgway,Village,37.7992131,-88.2611509,851,0.88,967.0
Clay City,Village,38.6886589,-88.354212,847,1.782,475.3
Illiopolis,Village,39.8536535,-89.2420291,846,0.677,1249.6
Ringwood,Village,42.3922427,-88.2970335,844,3.864,218.4
Essex,Village,41.1771377,-88.1855325,841,2.327,361.4
Elkville,Village,37.9101556,-89.2358071,838,0.767,1092.6
Stonington,Village,39.6400426,-89.1928608,837,0.457,1831.5
Coulterville,Village,38.1864389,-89.6056504,834,0.569,1465.7
Stronghurst,Village,40.7452012,-90.9080173,833,0.873,954.2
Paw Paw,Village,41.688919,-88.9811987,830,0.572,1451.0
Hopedale,Village,40.4208735,-89.4145404,830,0.882,941.0
Galatia,Village,37.8406038,-88.6092215,827,1.952,423.7
Meredosia,Village,39.8311579,-90.5595708,826,0.864,956.0
Sheffield,Village,41.3584839,-89.736908,821,1.169,702.3
Cissna Park,Village,40.5647578,-87.8930897,817,0.725,1126.9
Loami,Village,39.6756064,-89.846771,812,1.012,802.4
Pleasant Plains,Village,39.8728269,-89.9212211,808,1.335,605.2
Dallas City,City,40.6373546,-91.1679346,805,2.374,339.1
Spaulding,Village,39.8663257,-89.5403472,801,0.75,1068.0
Shannon,Village,42.1547457,-89.7398389,801,0.482,1661.8
Hardin,Village,37.4999684,-88.23783528339774,801,2.128,376.4
New Milford,Village,42.1868512,-89.0673744,794,2.543,312.2
Enfield,Village,38.0994913,-88.3375447,794,1.011,785.4
Alexis,Village,41.0633703,-90.5559675,793,0.475,1669.5
Forest View,Village,41.8103241,-87.7803976,792,1.168,678.1
Pearl City,Village,42.265297,-89.8259532,790,0.641,1232.4
Ridge Farm,Village,39.8955918,-87.6519669,787,3.056,257.5
West Salem,Village,38.5208829,-88.0047565,786,1.56,503.8
Witt,City,39.2564351,-89.3481413,785,1.237,634.6
Newman,City,39.7986455,-87.9858677,778,0.613,1269.2
Brimfield,Village,40.838926,-89.8864976,778,0.821,947.6
Hennepin,Village,41.2542033,-89.3423112,769,5.307,144.9
Orangeville,Village,42.4680287,-89.6448828,766,0.676,1133.1
Hurst,City,37.8331059,-89.1428573,764,0.887,861.3
Livingston,Village,40.8682487,-88.5631125,763,1.04,733.7
East Galesburg,Village,40.9478158,-90.3101264,763,1.365,559.0
Woodhull,Village,41.1789256,-90.3159582,754,0.882,854.9
Tilden,Village,38.2119935,-89.6825971,750,0.975,769.2
Ashkum,Village,40.8803114,-87.9550405,750,0.835,898.2
Tonica,Village,41.2158684,-89.0667489,749,1.363,549.5
Piper City,Village,40.756702,-88.191158,745,0.555,1342.3
Greenview,Village,40.0831024,-89.7381633,745,0.859,867.3
Wataga,Village,41.0253155,-90.2798475,744,0.829,897.5
McLean,Village,40.4631789,-88.8196613,743,1.177,631.3
Tiskilwa,Village,41.2922592,-89.5062042,740,0.517,1431.3
Oakland,City,41.8236135,-87.6056353,739,0.783,943.8
Kinmundy,City,38.7733806,-88.8467224,733,1.198,611.9
Ogden,Village,40.1139237,-87.9561449,729,0.588,1239.8
Brookport,City,37.1236664,-88.6303267,725,0.653,1110.3
Taylor Springs,Village,39.1308806,-89.4920315,724,1.05,689.5
Braceville,Village,41.2269765,-88.2647833,724,3.111,232.7
Stewardson,Village,39.263096,-88.6297778,721,0.61,1182.0
South Wilmington,Village,41.17281,-88.276726,710,0.492,1443.1
Matherville,Village,41.2597571,-90.6079133,707,0.391,1808.2
Avon,Village,40.6642065,-90.4348506,704,0.444,1585.6
Pocahontas,Village,38.8278248,-89.5400849,697,0.783,890.2
Oneida,City,41.0722596,-90.2254003,696,0.763,912.2
Elizabeth,Village,42.3177911,-90.221517,694,0.9,771.1
Sherrard,Village,41.318924,-90.505966,692,0.928,745.7
Brownstown,Village,38.995878,-88.9528394,690,0.76,907.9
Tampico,Village,41.6324811,-89.7850393,689,0.394,1748.7
Potomac,Village,40.305036,-87.8005829,689,0.488,1411.9
Farmersville,Village,39.4433854,-89.6517619,689,0.703,980.1
La Moille,Village,41.5317006,-89.2798104,679,1.156,587.4
Kirkwood,Village,40.8667452,-90.7499415,678,0.939,722.0
Bradford,Village,41.1774952,-89.6578789,676,0.398,1698.5
Alpha,Village,41.1917031,-90.3801274,675,0.309,2184.5
Cordova,Village,41.6803099,-90.319018,671,0.574,1169.0
Kansas,Village,39.5528129,-87.9394779,670,1.022,655.6
Windsor,Village,41.2022584,-90.4423521,668,0.438,1525.1
Watson,Village,39.0253213,-88.5697716,668,1.092,611.7
Deer Creek,Village,40.6298648,-89.3323928,667,0.535,1246.7
Findlay,Village,39.5225372,-88.7536817,664,0.924,718.6
Aroma Park,Village,41.0800105,-87.8093095,664,1.882,352.8
Dalzell,Village,41.3578126,-89.176196,663,0.82,808.5
Cedarville,Village,42.3759906,-89.6331674,663,0.459,1444.4
Mechanicsburg,Village,39.8094911,-89.3973121,662,1.036,639.0
Mounds,City,37.1142176,-89.197853,661,1.207,547.6
Dongola,Village,37.3611615,-89.1659117,661,1.088,607.5
West City,Village,37.9939386,-88.9350692,656,1.608,408.0
Saybrook,Village,40.4267005,-88.5261711,654,0.802,815.5
Brooklyn,Village,38.657181,-90.1670585,649,0.811,800.2
Golden,Village,40.1092135,-91.0176357,648,0.642,1009.3
Coffeen,City,39.0892128,-89.3906379,647,1.161,557.3
Yates City,Village,40.7790141,-90.0153424,642,0.493,1302.2
Clayton,Village,40.0314366,-90.9606897,639,0.884,722.9
Ashmore,Village,39.5330909,-88.0222582,637,0.805,791.3
Bartelso,Village,38.5364382,-89.4664739,635,0.431,1473.3
Cisne,Village,38.5158815,-88.4375481,634,0.63,1006.3
Noble,Village,38.6975481,-88.223653,633,1.017,622.4
Thayer,Village,39.5381087,-89.7631533,632,0.61,1036.1
Green Valley,Village,40.4074718,-89.6429794,630,0.301,2093.0
Golconda,City,37.3672744,-88.4864316,630,0.51,1235.3
Bluford,Village,38.3308817,-88.7258912,630,1.561,403.6
St. Libory,Village,38.362586,-89.71333379989153,628,0.972,646.1
Creston,Village,41.9308618,-88.9645382,627,1.146,547.1
Grafton,City,38.9698503,-90.4314331,626,3.712,168.6
Crossville,Village,38.1617133,-88.0653123,623,0.64,973.4
Alhambra,Village,38.88838,-89.7314813,622,0.756,822.8
Holiday Hills,Village,42.2900226,-88.2248064,618,0.934,661.7
Bluffs,Village,39.7519902,-90.5351258,618,0.893,692.0
Woodlawn,Village,38.3300497,-89.0325693,617,0.852,724.2
Millington,Village,41.5631643,-88.6007342,617,0.708,871.5
New Boston,City,41.1703108,-90.9968113,613,0.941,651.4
Niantic,Village,39.8555597,-89.166454,612,1.039,589.0
Fairmount,Village,40.0455911,-87.8305838,612,0.317,1930.6
Franklin,Village,37.9765409,-88.9335327,610,0.829,735.8
Ursa,Village,40.0747682,-91.3673712,609,0.69,882.6
Palmyra,Village,39.4347699,-89.9959401,605,0.999,605.6
Bedford Park,Village,41.7690519,-87.7770096,602,5.934,101.4
Stanford,Village,40.4347608,-89.2178643,600,0.662,906.3
Hopkins Park,Village,41.0633666,-87.6250348,597,4.137,144.3
Danforth,Village,40.820312,-87.977818,594,0.478,1242.7
Davis,Village,42.4225149,-89.4137259,589,0.405,1454.3
Bismarck,Village,40.2639253,-87.6080755,582,0.743,783.3
Irvington,Village,38.4391517,-89.1627456,581,1.01,575.2
Willisville,Village,37.9839401,-89.5895415,579,0.389,1488.4
Williamsfield,Village,40.9225373,-90.0145584,575,1.231,467.1
Vermont,Village,40.2942106,-90.4279033,570,1.258,453.1
Blandinsville,Village,40.556152,-90.8659692,569,0.875,650.3
St. Francisville,City,38.591899999999995,-87.64705451406462,568,0.745,762.4
Murrayville,Village,39.5856024,-90.2520645,567,0.496,1143.1
Godley,Village,41.2366987,-88.243672,566,1.083,522.6
Pittsburg,Village,37.7769938,-88.8495103,565,2.065,273.6
Damiansville,Village,38.5100492,-89.619536,564,0.822,686.1
Schram City,Village,39.1642139,-89.463698,563,0.674,835.3
Andover,Village,41.2939249,-90.2920678,555,0.991,560.0
Valier,Village,38.0153279,-89.0425739,554,1.124,492.9
Ava,City,37.8883846,-89.4948169,553,1.057,523.2
Augusta,Village,40.2300454,-90.9501342,553,0.691,800.3
Crescent City,Village,40.7700351,-87.8589251,552,0.456,1210.5
Union,Village,37.4616454,-89.2504793,551,0.836,659.1
Pesotum,Village,39.9147532,-88.2733827,550,0.569,966.6
Keithsburg,City,41.0994792,-90.942643,550,2.558,215.0
Carlock,Village,40.5822588,-89.1320251,548,0.395,1387.3
Makanda,Village,37.6175093,-89.2090592,547,5.281,103.6
Evansville,Village,38.0903289,-89.9384406,547,0.788,694.2
Tamaroa,Village,38.137828,-89.2300807,544,0.958,567.8
Liberty,Village,39.8794914,-91.1079163,543,0.391,1388.7
Farina,Village,38.8218215,-88.78411795084074,540,1.457,370.6
Equality,Village,37.733936,-88.343376,539,0.877,614.6
Lyndon,Village,41.7175302,-89.9259481,537,0.757,709.4
Wilsonville,Village,39.0708798,-89.8562091,536,0.956,560.7
Westfield,Village,39.4564247,-87.996146,536,0.978,548.1
Indian Creek,Village,42.2269684,-87.9797968,536,0.267,2007.5
Burlington,Village,42.0528038,-88.5481412,535,6.855,78.0
Mettawa,Village,42.2333571,-87.9259058,533,5.449,97.8
Strasburg,Village,39.3525383,-88.619224,531,0.541,981.5
Junction City,Village,38.5803267,-89.1278468,527,0.684,770.5
Chandlerville,Village,40.0481033,-90.1551189,527,0.794,663.7
Mound City,City,37.0853292,-89.1625731,526,0.675,779.3
Patoka,Village,38.7553259,-89.0953417,525,1.115,470.9
St. David,Village,40.4933728,-90.0487284,522,0.299,1745.8
Mulberry Grove,Village,38.925046,-89.2689626,520,1.003,518.4
Hoyleton,Village,38.4417163,-89.2742452,520,0.76,684.2
Cullom,Village,40.8778116,-88.2692177,520,0.335,1552.2
Mark,Village,41.2644805,-89.2500869,519,1.065,487.3
Elsah,Village,38.9561594,-90.3598364,519,1.092,475.3
Dawson,Village,39.8528263,-89.463428,519,0.792,655.3
Trout Valley,Village,42.1980798,-88.2534159,515,0.428,1203.3
Grand Ridge,Village,41.236138,-88.8312426,515,0.462,1114.7
Cowden,Village,39.2483753,-88.8622895,515,0.402,1281.1
Golf,Village,42.0570448,-87.7899876,514,0.448,1147.3
Wapella,Village,40.2203145,-88.9620246,513,0.551,931.0
Iuka,Village,38.6161588,-88.790334,512,0.733,698.5
Shipman,Town,39.1175462,-90.0442728,511,1.32,387.1
North City,Village,37.9923395,-89.06446238919136,509,2.171,234.5
Hammond,Village,39.7969783,-88.5917296,508,0.757,671.1
Creal Springs,City,37.6194946,-88.8367311,505,1.027,491.7
Dahlgren,Village,38.1982172,-88.6848404,504,1.017,495.6
Prairie du Rocher,Village,38.0831081,-90.0959463,502,0.571,879.2
Dakota,Village,42.3888153,-89.5264123,500,0.249,2008.0
Woodson,Village,39.6264105,-90.22664550771009,498,0.394,1264.0
Reynolds,Village,41.3297558,-90.670416,498,0.368,1353.3
Congerville,Village,40.6169813,-89.2042501,497,0.963,516.1
Rankin,Village,40.4650357,-87.8964219,495,0.579,854.9
Buckley,Village,40.5969794,-88.0380959,495,0.316,1566.5
Sidell,Village,39.9097575,-87.8211393,489,0.927,527.5
Fithian,Village,40.1139242,-87.8730857,488,0.383,1274.2
Thompsonville,Village,37.9175489,-88.7622836,486,2.031,239.3
Tower Hill,Village,39.3878184,-88.9606321,485,1.005,482.6
Buda,Village,41.3261476,-89.6789874,482,1.014,475.3
Chadwick,Village,42.0133599,-89.8906765,481,0.311,1546.6
San Jose,Village,40.305598,-89.6028829,479,0.414,1157.0
Grand Tower,City,37.6264389,-89.4978743,479,1.248,383.8
Hutsonville,Village,39.1094852,-87.6564145,478,0.622,768.5
Oak Grove,Village,41.4136501,-90.5688924,476,0.658,723.4
Chapin,Village,39.7658796,-90.3990129,475,0.998,476.0
Spring Bay,Village,40.8244814,-89.5223152,474,0.683,694.0
Dix,Village,38.4417157,-88.9375635,469,2.074,226.1
Lenzburg,Village,38.287271,-89.8173229,468,1.155,405.2
Emden,Village,40.2986538,-89.4851011,467,0.235,1987.2
Ullin,Village,37.2769948,-89.1834113,466,2.811,165.8
Ohio,Village,41.5575349,-89.4609276,465,0.753,617.5
Tovey,Village,39.5889391,-89.4562045,464,0.223,2080.7
Bowen,Village,40.2333789,-91.0626375,464,0.428,1084.1
Altona,Village,41.1147594,-90.1645637,463,0.938,493.6
Ashley,City,38.3294942,-89.1909097,462,1.128,409.6
St. Rose[c],Village,38.6842146,-89.5545304,459,0.591,776.6
Pierron,Village,38.777744,-89.5937934464039,459,0.734,625.3
Allendale,Village,38.5267143,-87.7097495,458,0.307,1491.9
Sun River Terrace,Village,41.1224945,-87.7336406,455,0.573,794.1
Dalton City,Village,39.7119804,-88.8045162,454,0.534,850.2
Mount Auburn,Village,39.766154,-89.2617488,452,0.997,453.4
Kaneville,Village,41.8353062,-88.5220233,452,0.285,1586.0
Camargo,Village,39.8003105,-88.1639315,452,1.259,359.0
Elkhart,Village,40.0207284,-89.4822462,450,1.942,231.7
Ipava,Village,40.3514319,-90.3245681,447,0.268,1667.9
De Land,Village,40.1222568,-88.6453453,447,0.424,1054.2
Buffalo,Village,39.852547,-89.4087032,447,0.345,1295.7
Versailles,Village,39.8850477,-90.6559611,446,0.933,478.0
Cornell,Village,40.9900326,-88.7292337,446,0.654,682.0
Hoffman,Village,38.5413716,-89.263599,439,0.506,867.6
Norwood,Village,40.7055931,-89.6987129,437,0.307,1423.5
Scales Mound,Village,42.4758462,-90.2529773,436,0.628,694.3
Plymouth,Village,40.2917112,-90.919023,436,0.565,771.7
Cherry,Village,41.4269787,-89.213419,435,0.514,846.3
Tallula,Village,39.9444932,-89.9373336,434,0.531,817.3
German Valley,Village,42.2155786,-89.4734459,433,0.478,905.9
Leaf River,Village,42.1255813,-89.4037207,432,0.869,497.1
Towanda,Village,40.5639242,-88.8989607,431,0.744,579.3
Tamms,Village,37.23505,-89.2700811,430,2.332,184.4
Karnak,Village,37.2936633,-88.9753462,430,1.806,238.1
Sorento,Village,38.998935,-89.5736984,429,0.798,537.6
Hecker,Village,38.30487,-89.99440337947232,429,0.253,1695.7
Beecher City,Village,39.1880983,-88.7867278,428,0.895,478.2
Neponset,Village,41.29587,-89.7903802,427,1.016,420.3
Fairview,Village,40.6333724,-90.1637318,426,4.215,101.1
Lostant,Village,41.142812,-89.0600817,423,1.122,377.0
Hopewell,Village,40.9847586,-89.4573128,421,1.135,370.9
Hillsdale,Village,41.6136437,-90.1728998,417,0.648,643.5
Melvin,Village,40.5675346,-88.2478272,416,0.346,1202.3
Naplate,Village,41.3336449,-88.8781334,412,0.16,2575.0
Benson,Village,40.8505901,-89.1223021,412,0.163,2527.6
Monroe Center,Village,42.0983583,-89.000655,411,1.212,339.1
Buckner,Village,37.9831056,-89.0161841,409,0.872,469.0
Waltonville,Village,38.2089389,-89.0389605,408,1.24,329.0
Prairie City,Village,40.6211512,-90.4620731,407,1.008,403.8
Saunemin,Village,40.8930888,-88.4053323,406,0.231,1757.6
Keyesport,Village,38.7477205,-89.27074921728442,406,0.72,563.9
Lomax,Village,40.6788821,-91.0734114,404,1.189,339.8
Sadorus,Village,39.9669758,-88.3464425,402,1.027,391.4
New Haven,Village,37.9086568,-88.1292021,399,1.244,320.7
Industry,Village,40.3278211,-90.607073,399,0.46,867.4
Edgewood,Village,38.9206006,-88.6614402,398,1.013,392.9
Hull,Village,39.7069907,-91.2068089,392,1.825,214.8
East Carondelet,Village,38.5419967,-90.2328909,390,1.177,331.4
Bondville,Village,40.1132048,-88.3695046,388,0.251,1545.8
Waynesville,Village,40.2389277,-89.1231418,381,0.319,1194.4
Xenia,Village,38.6358808,-88.6347744,380,0.493,770.8
Sublette,Village,41.6430884,-89.2278681,380,0.321,1183.8
Medora,Village,39.1744908,-90.1431654,379,0.38,997.4
Varna,Village,41.0364236,-89.2261963,375,0.297,1262.6
Bonnie,Village,38.2028273,-88.9033993,374,1.275,293.3
Irving,Village,39.2058801,-89.4045304,373,0.897,415.8
Joy,Village,41.1967002,-90.8804201,372,0.428,869.2
Carbon Hill,Village,41.2969763,-88.3000634,372,0.178,2089.9
Weldon,Village,40.1211468,-88.7453497,369,0.267,1382.0
Dowell,Village,37.9397727,-89.2378608,368,0.39,943.6
Arenzville,Village,39.8769918,-90.3734571,367,0.768,477.9
Sparland,Village,41.0286474,-89.4384235,366,0.572,639.9
Good Hope,Village,40.5578178,-90.6734649,363,0.3,1210.0
Humboldt,Village,39.6042,-88.3189362,361,0.343,1052.5
Cutler,Village,38.0322733,-89.5656512,361,0.468,771.4
Herrick,Village,39.2203197,-88.9845172,358,0.366,978.1
Belgium,Village,40.0620915,-87.6392353,358,0.434,824.9
Loda,Village,40.5175349,-88.0719857,356,1.467,242.7
Jeffersonville,Village,38.4425137,-88.40398041172821,355,1.012,350.8
Bay View Gardens,Village,40.808926,-89.5206486,354,0.569,622.1
Table Grove,Village,40.3642095,-90.4251258,353,0.282,1251.8
Bonfield,Village,41.1466986,-88.0578276,351,0.492,713.4
New Douglas,Village,38.9700463,-89.6664793,350,1.048,334.0
London Mills,Village,40.7105947,-90.2662355,350,0.684,511.7
Joppa,Village,37.2064423,-88.8447822,350,0.486,720.2
Summerfield,Village,38.5972705,-89.751762,347,0.495,701.0
Apple River,Village,42.5021105,-90.0968264,347,0.705,492.2
Bellflower,Village,40.3400336,-88.5270053,346,0.361,958.4
Roberts,Village,40.6128127,-88.1833798,345,0.481,717.3
Secor,Village,40.7419799,-89.1353567,342,0.29,1179.3
Grantfork,Village,38.8300469,-89.6656453,341,0.337,1011.9
Panama,Village,39.0297315,-89.52460433901987,337,0.365,923.3
New Canton,Town,39.6361576,-91.0959713,334,0.881,379.1
Martinton,Village,40.9158671,-87.7253124,334,0.274,1219.0
Latham,Village,39.9686517,-89.1623092,333,0.273,1219.8
Sigel,Town,39.2261504,-88.4942259,329,0.281,1170.8
Middletown,Village,40.1003246,-89.5909378,329,0.341,964.8
Ellis Grove,Village,38.0089404,-89.9059408,328,0.491,668.0
Orient,City,37.9183832,-88.9775715,327,0.745,438.9
Hume,Village,39.7967015,-87.8686414,325,0.566,574.2
Greenwood,Village,42.3925202,-88.3892586,324,2.632,123.1
Mason,Town,40.2302271,-89.8660433,323,1.287,251.0
Flat Rock,Village,38.901711,-87.6716922,323,0.856,377.3
St. Peter,Village,38.8674855,-88.85025311493288,322,0.521,618.0
Seatonville,Village,41.3647575,-89.2764763,321,0.496,647.2
Hanaford,Village,37.9571937,-88.8405465,320,1.008,317.5
Alto Pass,Village,37.5703276,-89.3175879,319,2.134,149.5
Malden,Village,41.4244797,-89.3692566,318,0.272,1169.1
Alma,Village,38.7217147,-88.9092242,318,1.132,280.9
Coalton,Village,39.2828235,-89.3011961,317,0.53,598.1
Broadlands,Village,39.9086455,-87.9942016,316,0.322,981.4
Perry,Village,38.0772859,-89.3760499,314,0.386,813.5
Baldwin,Village,38.1831051,-89.8426029,314,0.666,471.5
Ruma,Village,38.1350512,-89.9978864,313,0.742,421.8
Lee,Village,41.74731105,-89.28602959086061,313,0.198,1580.8
Easton,Village,40.2325434,-89.8426123,312,0.24,1300.0
Mount Clare,Village,39.0986579,-89.8262077,311,1.538,202.2
Kenney,Village,40.0967053,-89.0859189,311,0.282,1102.8
Kampsville,Village,39.2978735,-90.6089912,310,1.02,303.9
Armington,Village,40.3389352,-89.3123278,310,0.285,1087.7
Campbell Hill,Village,37.9300513,-89.5489852,309,0.462,668.8
Belle Rive,Village,38.2328265,-88.740615,309,1.026,301.2
Ransom,Village,41.1561445,-88.6495133,308,0.999,308.3
Ludlow,Village,40.3869787,-88.1275437,308,0.397,775.8
Beaverville,Village,40.954478,-87.6544781,306,0.275,1112.7
Fillmore,Village,39.115323,-89.2789678,305,1.016,300.2
Fayetteville,Village,38.3775489,-89.7953771,302,0.296,1020.3
Loraine,Village,40.1542128,-91.2223653,300,0.844,355.5
Ewing,Village,38.0886603,-88.852287,300,1.009,297.3
Biggsville,Village,40.8536498,-90.8648617,300,0.337,890.2
Manlius,Village,41.456424,-89.6689875,298,0.319,934.2
Kane,Village,41.923434,-88.4248315,296,0.544,544.1
Royal,Village,40.1928126,-87.9728126,293,0.183,1601.1
Rock City,Village,42.4132832,-89.4686451,293,0.134,2186.6
Virgil,Village,41.9558606,-88.5373047,289,2.183,132.4
East Cape Girardeau,Village,37.2958838,-89.4962024,289,1.961,147.4
Sibley,Village,40.5869788,-88.3811648,288,0.481,598.8
Olmsted,Village,37.1806073,-89.0889609,285,3.365,84.7
Raleigh,Village,37.8269921,-88.5319958,284,1.976,143.7
Little York,Village,41.0111483,-90.7462496,283,0.223,1269.1
Nebo,Village,39.4425478,-90.7909612,282,0.434,649.8
Winslow,Village,42.4926806,-89.7918095,281,0.458,613.5
Bureau Junction,Village,41.2892031,-89.3664786,281,1.446,194.3
Bath,Village,40.1933784,-90.1409523,279,0.365,764.4
Millbrook,Village,41.5983635,-88.5528521,277,1.846,150.1
Arrowsmith,Village,40.4494787,-88.6317305,276,0.197,1401.0
New Holland,Village,40.1847671,-89.580938,275,0.31,887.1
McNabb,Village,41.1769799,-89.2092522,275,0.177,1553.7
Hindsboro,Village,39.6850336,-88.1336515,275,0.269,1022.3
Elliott,Village,40.4647562,-88.2722728,274,0.498,550.2
Compton,Village,41.694291,-89.0856855,274,0.158,1734.2
Brocton,Village,39.7155902,-87.9325327,273,0.572,477.3
Plainville,Village,39.7836535,-91.1819178102169,271,0.235,1153.2
Lisbon,Village,41.4814196,-88.482293,271,2.117,128.0
East Gillespie,Village,39.1408804,-89.8123181,269,0.319,843.3
Victoria,Village,41.0336485,-90.0984504,268,0.451,594.2
Sawyerville,Village,39.07838,-89.807318,268,0.988,271.3
Freeman Spur,Village,37.859573,-88.9987697140229,268,0.399,671.7
Kingston Mines,Village,40.5580943,-89.770663,266,1.444,184.2
Henderson,Village,40.8156124,-90.9104547,266,0.265,1003.8
Cedar Point,Village,41.2630912,-89.1256394,266,1.021,260.5
Manchester,Village,39.5422692,-90.3323435,265,1.063,249.3
Kilbourne,Village,40.1519897,-90.0101153,265,0.889,298.1
Ivesdale,Village,39.945834500000004,-88.45587600681185,265,0.716,370.1
Hartsburg,Village,40.2508762,-89.440933,262,0.15,1746.7
Dunfermline,Village,40.4911505,-90.0317835,262,0.147,1782.3
Allerton,Village,39.915319,-87.93321507559128,262,0.679,385.9
Mapleton,Village,40.5664276,-89.7317726,261,0.885,294.9
Rutland,Village,40.9841992,-89.0417467,259,0.694,373.2
Addieville,Village,38.391439,-89.4900881,259,0.993,260.8
McClure,Village,37.317828,-89.4314781,256,1.528,167.5
Magnolia,Village,41.113646,-89.1945292,256,0.313,817.9
Cisco,Village,40.0114248,-88.7261827,254,0.182,1395.6
Donovan,Village,40.883368,-87.6161428,251,0.328,765.2
McCook,Village,41.7978095,-87.8447798,249,2.614,95.3
Woodland,Village,40.7144803,-87.7311426,248,0.49,506.1
Bellmont,Village,38.3844921,-87.9114204,247,0.325,760.0
Buckingham,Village,41.0473308,-88.174434,244,0.251,972.1
Bush,Village,37.8433836,-89.13119,241,0.455,529.7
Ste. Marie,Village,38.929709,-88.02765411772023,238,1.109,214.6
Richview,Village,38.378383,-89.1800752,238,1.149,207.1
Vergennes,Village,37.902273,-89.3356432,235,0.352,667.6
Kangley,Village,41.1458671,-88.873687,235,0.261,900.4
Oakford,Village,40.1025463,-89.9631693,234,0.249,939.8
Gladstone,Village,40.864483,-90.9612528,234,0.36,650.0
Alvin,Village,40.3083697,-87.6083537,233,0.793,293.8
Cabery,Village,40.9958657,-88.2053282,231,0.344,671.5
Steward,Village,41.8479388,-89.0194764,229,0.269,851.3
Kappa,Village,40.6758686,-89.007852,229,0.357,641.5
Cave-In-Rock,Village,37.471909,-88.16593881078178,228,0.374,609.6
Indianola,Village,39.927258,-87.740025,227,0.388,585.1
Lerna,Village,39.4183688,-88.2886551,226,0.115,1965.2
Troy Grove,Village,41.4663261,-89.082742,225,0.687,327.5
Standard,Village,41.2566663,-89.1808058,225,0.711,316.5
Stonefort,Village,37.615849,-88.70403223856786,224,1.454,154.1
Forest City,Village,40.3700411,-89.8276113,222,0.523,424.5
Plattville,Village,41.531697,-88.3814575,220,2.259,97.4
Elizabethtown,Village,37.4459108,-88.305099,220,0.705,312.1
Maquon,Village,40.798927,-90.1656764,218,0.162,1345.7
Gays,Village,39.4580898,-88.4939406,218,0.386,564.8
Cypress,Village,37.3650516,-89.0181271,217,0.753,288.2
Palmer,Village,39.457827,-89.4039813,216,0.995,217.1
Thawville,Village,40.6758683,-88.116155,215,0.307,700.3
Seaton,Village,41.1022578,-90.801529,214,1.579,135.5
Sammons Point,Village,41.032788,-87.85419978294769,214,1.851,115.6
Milton,Village,39.5644921,-90.6504043,214,0.386,554.4
Curran,Village,39.7422737,-89.7720477,213,1.975,107.8
White City,Village,39.0647689,-89.7634271,212,1.212,174.9
Bulpitt,Village,39.5917159,-89.4239811,212,0.069,3072.5
Menominee,Village,42.4878856,-90.5328697,211,1.914,110.2
Montrose,Village,39.1641535,-88.38106277541719,210,0.637,329.7
Henning,Village,40.3050364,-87.7008567,210,1.524,137.8
Bardolph,Village,40.4950406,-90.5645735,210,0.617,340.4
Rio,Village,41.1092036,-90.399851,209,0.312,669.9
Owaneco,Village,39.4822664,-89.1936976,209,0.458,456.3
Omaha,Village,37.8903243,-88.3030977,209,0.744,280.9
Verona,Village,41.2178109,-88.5014557,208,0.165,1260.6
Thebes,Village,37.2208838,-89.4609209,208,1.745,119.2
Buncombe,Village,37.4714403,-88.9770151,207,1.187,174.4
Wellington,Village,40.5392032,-87.6800257,206,0.238,865.5
Mineral,Village,41.382669,-89.8364918,206,0.553,372.5
Long Point,Village,41.0047545,-88.8917412,204,0.185,1102.7
Vermilion,Village,40.1749809,-87.7323857,203,0.546,371.8
Clear Lake[b],Village,39.8136611,-89.5687083,203,0.092,2206.5
Nilwood,Town,39.3981062,-89.8087086,201,0.465,432.3
Reddick,Village,41.0972544,-88.2506114,199,0.239,832.6
Oakdale,Village,38.2617174,-89.5014792,199,1.582,125.8
Nason,City,38.1761609,-88.9675689,199,0.911,218.4
Jewett,Village,39.2078171,-88.2458744,196,1.005,195.0
Alsey,Village,39.5606027,-90.4340126,195,0.549,355.2
Lake Ka-Ho,Village,39.0997693,-89.7470374,194,0.284,683.1
Smithfield,Village,40.4733743,-90.2917904,191,0.465,410.8
Kinderhook,Village,39.7022686,-91.1531957,189,0.808,233.9
Shumway,Village,39.1850417,-88.6522771,188,0.332,566.3
Parkersburg,Village,38.5897711,-88.0567031,186,0.826,225.2
Broughton,Village,37.9347695,-88.4619932,185,1.89,97.9
Ellsworth,Village,40.4503125,-88.7167336,184,0.217,847.9
Williamson,Village,37.737632500000004,-88.92944520134037,183,1.171,156.3
Radom,Village,38.2819943,-89.1922994,183,1.048,174.6
Caledonia,Village,42.369463,-88.8926041,183,1.035,176.8
Modesto,Village,39.4783816,-89.982051,182,0.559,325.6
Waggoner,Village,39.3775509,-89.6531496,181,0.244,741.8
Spillertown,Village,37.7664385,-88.9195138,181,0.321,563.9
Bone Gap,Village,38.4475492,-87.9958669,181,0.583,310.5
Hooppole,Village,41.5222555,-89.9098306,180,0.372,483.9
Harvel,Village,39.3561613,-89.5323151,178,0.718,247.9
Mill Shoals,Village,38.2486586,-88.3467125,176,0.767,229.5
Kempton,Village,40.9355888,-88.237273,176,0.165,1066.7
Fieldon,Village,39.1086589,-90.4984514,176,0.202,871.3
Rockbridge,Village,39.2692131,-90.2042796,175,0.737,237.4
New Minden,Village,38.4414386,-89.3703603,175,0.277,631.8
Du Bois,Village,38.2219647,-89.2144598,175,1.052,166.3
Keensburg,Village,38.3506026,-87.8686416,174,0.26,669.2
Norris,Village,40.6258354,-90.032144,173,0.283,611.3
Kell,Village,38.4911598,-88.9064505,173,1.002,172.7
Gorham,Village,37.718384,-89.4859292,173,1.219,141.9
Willow Hill,Village,38.9958759,-88.0225349,172,1.039,165.5
Baylis,Village,39.7283804,-90.9081876,172,0.471,365.2
Chesterfield,Village,39.2550463,-90.063163,170,0.541,314.2
Batchtown,Village,39.0331048,-90.6576221,170,1.863,91.3
Banner,Village,40.5169834,-89.9084461,169,1.29,131.0
Arlington,Village,41.4736452,-89.2492531,169,0.395,427.8
Colp,Village,37.8053279,-89.0800768,168,0.134,1253.7
Bryant,Village,40.4661513,-90.0917851,168,0.248,677.4
Royal Lakes,Village,39.112058,-89.9606925789953,167,0.466,358.4
Coleta,Village,41.9022509,-89.8023374,167,0.37,451.4
Sims,Village,38.3603259,-88.530607,166,1.182,140.4
Calhoun,Village,39.1397507,-90.6506113,164,0.912,179.8
Butler,Village,39.1994924,-89.5339783,164,0.596,275.2
St. Johns,Village,38.0334025,-89.24052061641315,163,0.725,224.8
Cleveland,Village,41.5061454,-90.3148479,163,0.294,554.4
Anchor,Village,40.5680898,-88.5356146,163,0.171,953.2
Old Mill Creek,Village,42.4219653,-87.9725781,162,10.671,15.2
North Henderson,Village,41.0892036,-90.4754096,162,0.226,716.8
Dana,Village,40.9576907,-88.9505694,162,0.22,736.4
Claremont,Village,38.7194921,-87.9714232,161,0.793,203.0
La Fayette,Village,41.1080927,-89.9714998,160,0.189,846.6
Huey,Village,38.6044931,-89.2911874,160,0.216,740.7
De Witt,Village,40.1811468,-88.7861844,160,0.237,675.1
Muncie,Village,40.1155911,-87.844751,157,0.179,877.1
Cooksville,Village,40.5430902,-88.7164546,157,0.217,723.5
Smithboro,Village,38.8961575,-89.3406323,154,0.932,165.2
Pulaski,Village,37.2314232,-89.1183427,154,1.31,117.6
New Burnside,Village,37.579217,-88.770894,153,1.045,146.4
Donnellson,Village,39.029352,-89.47410283367547,153,0.37,413.5
New Grand Chain,Village,37.2519964,-89.0211814,150,1.043,143.8
Maeystown,Village,38.224775,-90.233447,150,0.298,503.4
Concord,Village,39.8167136,-90.3729016,150,0.249,602.4
Coatsburg,Village,40.0328247,-91.1576405,150,0.132,1136.4
Hettick,Village,39.3550469,-90.037052,149,0.365,408.2
Eldred,Village,39.2875475,-90.5523438,149,0.134,1111.9
Campus,Village,41.0233656,-88.3061652,149,0.092,1619.6
Lima,Village,40.1775458,-91.378483,148,0.135,1096.3
Elvaston,Village,40.3950447,-91.2495909,147,0.799,184.0
Cantrall,Village,39.9378273,-89.6759372,144,0.25,576.0
Sauget,Village,38.590186,-90.1692755,141,4.581,30.8
Oconee,Village,39.2855984,-89.1075792,141,0.356,396.1
Berlin,Village,39.7589387,-89.9031635,141,0.891,158.2
West Point,Village,40.2550457,-91.1826419,140,0.168,833.3
Metcalf,Village,39.8011461,-87.8072504,139,0.594,234.0
Littleton,Village,40.2339337,-90.6223505,139,1.168,119.0
Browns,Village,38.3769927,-87.9830886,139,0.29,479.3
Redmon,Village,39.6453126,-87.8616975,137,0.145,944.8
Broadwell,Village,40.0680652,-89.4430855,136,0.18,755.6
Standard City,Village,39.3522723,-89.7875959,135,0.636,212.3
Dover,Village,41.4367021,-89.3934239,135,0.28,482.1
Papineau,Village,40.9691999,-87.7164241,133,0.208,639.4
Iroquois,Village,40.7351265,-87.8309209,133,0.567,234.6
Dorchester,Village,39.0856021,-89.8875995,133,0.722,184.2
Allenville,Village,39.5555892,-88.5297779,132,0.609,216.7
West Brooklyn,Village,41.6929334,-89.147012,131,0.085,1541.2
Symerton,Village,41.3281306,-88.0543799,128,0.157,815.3
Nelson,Village,41.7964208,-89.6017723,127,0.216,588.0
Ferris,Village,40.4689327,-91.1704225,127,1.967,64.6
Ridott,Village,42.2964089,-89.4753917,124,0.074,1675.7
Garrett,Village,39.7974677,-88.4251023,122,0.108,1129.6
Venedy,Village,38.3950492,-89.6459271,121,0.281,430.6
New Salem,Village,39.7075473,-90.8476304,121,1.049,115.3
Media,Village,40.7750395,-90.8320824,121,1.698,71.3
Leonore,Village,41.1894788,-88.9806354,121,0.089,1359.6
St. Augustine,Village,40.7183728,-90.4109616,119,0.593,200.7
Mound Station,Village,40.005789,-90.87377791340387,117,0.519,225.4
Browning,Village,40.1289355,-90.3720685,117,0.31,377.4
Brussels,Village,38.9494939,-90.5887314,116,0.558,207.9
Eagarville,Village,39.111808499999995,-89.78362503523654,114,0.911,125.1
Columbus,Village,39.9881027,-91.1468068,114,0.219,520.5
Old Shawneetown,Village,37.6993514,-88.1358878,113,0.51,221.6
Glasgow,Village,39.5506029,-90.4801247,113,1.011,111.8
Bishop Hill,Village,41.2017036,-90.1190054,113,0.532,212.4
Longview,Village,39.8867002,-88.0664274,112,0.247,453.4
Hidalgo,Village,39.1558732,-88.1469826,111,0.344,322.7
Harmon,Village,41.719479500000006,-89.55606178319069,111,0.149,745.0
Ohlman,Village,39.3450445,-89.2186951,109,0.322,338.5
Stoy,Village,38.9975424,-87.833085,108,0.932,115.9
Nora,Village,42.4558425,-89.9454009,107,0.83,128.9
Vernon,Village,38.8022697,-89.0870086,103,0.882,116.8
Pearl,Village,39.4597701,-90.6259588,103,1.505,68.4
Raritan,Village,40.6958732,-90.8273591,102,0.095,1073.7
Jeisyville,Village,39.5772711,-89.4050918,102,0.122,836.1
Tennessee,Village,40.4124541,-90.8368406,101,0.425,237.6
Strawn,Village,40.6525346,-88.3964427,101,0.51,198.0
Springerton,Village,38.1794917,-88.3542124,101,0.126,801.6
Marietta,Village,40.5011518,-90.3926259,101,0.273,370.0
Emington,Village,40.9697547,-88.3581096,101,0.083,1216.9
Naples,Town,39.7572686,-90.6073489,100,0.605,165.3
Pontoosuc,Village,40.6289307,-91.205425,99,1.406,70.4
Hamburg,Village,39.230048,-90.7176242,99,0.522,189.7
Eddyville,Village,37.4989389,-88.5878275,99,0.281,352.3
Russellville,Village,38.8189345,-87.5316882,98,0.4,245.0
Mount Erie,Village,38.515049,-88.2311536,98,0.384,255.2
La Rose,Village,40.9822568,-89.2353629,98,0.255,384.3
Iola,Village,38.8344904,-88.6281064,98,0.964,101.7
Wheeler,Village,39.0444253,-88.3176453,96,0.576,166.7
Lynnville,Village,39.686991,-90.3459561,96,0.077,1246.8
Fidelity,Village,39.1528243,-90.1645547,96,0.101,950.5
Walnut Hill,Village,38.4772714,-89.0434002,95,0.38,250.0
Liverpool,Village,40.3917076,-90.0009491,94,0.084,1119.0
Hillview,Village,39.4506034,-90.5412356,94,0.816,115.2
Scottville,Village,39.4803252,-90.1048343,93,0.997,93.3
Wilmington,Village,39.4794415,-90.4874557487872,91,0.786,115.8
Maunie,Village,38.0356015,-88.0455883,91,0.159,572.3
Kinsman,Village,41.1897554,-88.569512,90,0.068,1323.5
Sailor Springs,Village,38.7639362,-88.3631008,89,0.26,342.3
Rose Hill,Village,39.104433,-88.1498692285221,89,0.634,140.4
Belknap,Village,37.3250522,-88.9389557,88,1.057,83.3
Otterville,Town,39.0506032,-90.3984486,87,1.006,86.5
Exeter,Village,39.7205165,-90.4952926738212,87,0.69,126.1
Ellisville,Village,40.6267064,-90.3051249,87,0.271,321.0
Old Ripley,Village,38.8961577,-89.5700865,82,0.154,532.5
East Brooklyn,Village,41.1733654,-88.2639479,80,0.052,1538.5
Basco,Village,40.3278229,-91.2001437,80,0.222,360.4
Adeline,Village,42.1433589,-89.4903897,78,0.266,293.2
New Bedford,Village,41.5128119,-89.7206562,76,0.155,490.3
Detroit,Village,39.620712499999996,-90.67594020141291,76,0.251,302.8
Foosland,Village,40.3614224,-88.4281125,75,0.069,1087.0
Johnsonville,Village,38.521492699999996,-88.53797753905751,72,0.213,338.0
Irwin,Village,41.0531933,-87.9844595,68,0.045,1511.1
Yale,Village,39.120447,-88.0246246620161,67,0.575,116.5
Golden Gate,Village,38.3586537,-88.20435986394823,65,0.079,822.8
El Dara,Village,39.6227155,-90.9912253996729,63,1.011,62.3
Camden,Village,40.1536572,-90.7706859,62,0.761,81.5
Walshville,Village,39.069122,-89.61893098760513,61,0.257,237.4
Muddy,Village,37.7660765,-88.51232693576361,61,0.303,201.3
Topeka,Village,40.3303196,-89.9312252,60,0.137,438.0
Bingham,Village,39.1142114,-89.2134097,60,0.274,219.0
Mill Creek,Village,37.341171,-89.2534385967177,59,0.376,156.9
Junction,Village,37.72338,-88.2367046,56,0.826,67.8
Union Hill,Village,41.1075321,-88.1467188,55,0.046,1195.7
Ripley,Village,40.022826,-90.6387392,53,0.379,139.8
Keenes,Village,38.3402177,-88.64190060833609,50,0.13,384.6
Belle Prairie City,Town,38.221965,-88.55239928649357,49,0.438,111.9
Panola,Village,40.7836458,-89.0211857,47,0.429,109.6
Simpson,Village,37.46714995,-88.755732439828,44,0.525,83.8
La Prairie,Village,40.1478242,-91.002913,42,0.193,217.6
Gulfport,Village,40.813928,-91.0862558,42,1.412,29.7
Sciota,Village,40.5608731,-90.7517996,38,0.312,121.8
Deer Grove,Village,41.607811,-89.689547,38,0.411,92.5
Hollowayville,Village,41.3650354,-89.2970323,36,0.049,734.7
Burnt Prairie,Village,38.2506575,-88.25840315549895,36,0.076,473.7
Phillipstown,Village,38.1415595,-88.01811535423894,34,0.27,125.9
Wenonah,Village,39.3269901,-89.2889746,32,1.514,21.1
Rockwood,Village,37.8417715,-89.70272661688108,32,0.212,150.9
Macedonia,Village,38.05209845,-88.70534618222156,30,0.266,112.8
Bentley,Town,40.3444891,-91.1118074,30,0.143,209.8
Fults,Village,38.1642983,-90.21252301415791,28,0.053,528.3
Time,Village,39.5611535,-90.72341263148334,26,0.254,102.4
Kaskaskia,Village,37.9212636,-89.9162864,21,0.106,198.1
Florence,Village,39.627206,-90.61044106837332,17,0.276,61.6
Valley City,Village,39.707035000000005,-90.65144188584475,14,0.27,51.9
